<?xml version="1.0" encoding="UTF-8"?>
<project-private xmlns="http://www.netbeans.org/ns/project-private/1">
    <editor-bookmarks xmlns="http://www.netbeans.org/ns/editor-bookmarks/2" lastBookmarkId="0"/>
    <open-files xmlns="http://www.netbeans.org/ns/projectui-open-files/2">
        <group>
            <file>file:/C:/Users/Jhenifer/Downloads/Testa_ABB5_base%20(1)/Testa_ABB5_base/src/testa_abb/ABB.java</file>
            <file>file:/C:/Users/Jhenifer/Downloads/Testa_ABB5_base%20(1)/Testa_ABB5_base/src/testa_abb/Node.java</file>
            <file>file:/C:/Users/Jhenifer/Downloads/Testa_ABB5_base%20(1)/Testa_ABB5_base/src/testa_abb/Testa_ABB.java</file>
            <file>file:/C:/Users/Jhenifer/Downloads/Testa_ABB5_base%20(1)/Testa_ABB5_base/src/testa_abb/Aluno.java</file>
        </group>
    </open-files>
</project-private>
